{
  "train_loss": [
    0.3511823092897733,
    0.20132738227645555,
    0.19555088877677917,
    0.19447376827398935,
    0.19025586421291033
  ],
  "epoch_time": [
    1.0078060626983643,
    0.976731538772583,
    1.023341178894043,
    1.095611810684204,
    1.0503299236297607
  ],
  "learning_rate": [
    0.001,
    0.001,
    0.001,
    0.0005,
    0.0005
  ],
  "val_loss": [
    0.1330979648563597,
    0.07414355129003525,
    0.06813499414258534,
    0.07579838981231053,
    0.07945789562331305
  ]
}