{
  "train_loss": [
    0.9072884619235992,
    0.8488016724586487,
    0.7922228872776031,
    0.7549546658992767,
    0.7196934521198273,
    0.6905919313430786,
    0.6769300401210785,
    0.6529287099838257,
    0.6523719429969788,
    0.6486007571220398,
    0.6289834082126617,
    0.6250949203968048
  ],
  "val_loss": [
    0.7305474877357483,
    0.6974141001701355,
    0.6850143074989319,
    0.6742293238639832,
    0.6688024401664734,
    0.6649378538131714,
    0.6693599820137024,
    0.6664417386054993,
    0.6672490835189819,
    0.6646536588668823,
    0.6669192314147949,
    0.668739378452301
  ],
  "learning_rate": [
    0.0005,
    0.0005,
    0.0005,
    0.0005,
    0.00025,
    0.00025,
    0.00025,
    0.00025,
    0.000125,
    0.000125,
    0.000125,
    0.000125
  ],
  "epoch_time": [
    13.880177021026611,
    1.9999854564666748,
    1.9467945098876953,
    2.055973529815674,
    1.9090240001678467,
    1.9451773166656494,
    2.0215964317321777,
    1.9118142127990723,
    1.8928430080413818,
    1.8370847702026367,
    1.8055298328399658,
    1.8818390369415283
  ],
  "val_recall@10": [
    0.017699115044247787,
    0.07079646017699115,
    0.07079646017699115,
    0.07964601769911504,
    0.08849557522123894,
    0.08849557522123894,
    0.09734513274336283,
    0.08849557522123894,
    0.09734513274336283,
    0.08849557522123894,
    0.08849557522123894,
    0.08849557522123894
  ]
}